traffic_type,n,k,cr,ci_low,ci_high
paid,676917,12051,0.01780277345671626,0.017490483761106776,0.018120536196592214
organic,515659,20812,0.04036000535237434,0.03982625958683755,0.04090059959664954
