device_type,n,k,cr,ci_low,ci_high
mobile,1474871,38379,0.02602193683379767,0.025766233663493645,0.026280109141246216
desktop,366863,11513,0.03138228712080531,0.030822989405552705,0.03195139897896571
