presence_city,n,k,cr,ci_low,ci_high
presence,1102117,30742,0.027893590244955843,0.02758779836979483,0.028202673309095892
other,757925,19572,0.025823135534518586,0.025468451064419327,0.026182626782622717
