device_category,count,cr
desktop,366863,0.03138228712080531
mobile,1474871,0.02602193683379767
