traffic_type,count,cr
organic,363609,0.034737864024267824
paid,1496433,0.025181882516624534
