,count,cr
other_regions,757924,0.025823169605395793
presence_cities,1102118,0.02789356493587801
