device_category,visits,conversions,cr
mobile,1474871,38379,0.02602193683379767
desktop,366863,11513,0.03138228712080531
tablet,18308,422,0.023050032772558446
